{
  "type": "minecraft:entity",
  "pools": [
    {
      "rolls": 1,
      "entries": [
        {
          "type": "minecraft:item",
          "name": "minecraft:totem_of_undying",
          "functions": [
            {
              "function": "minecraft:set_nbt",
              "tag": "{CustomModelData:3,display:{Name:'{\"text\":\"Totem del Caos\",\"color\":\"#b22222\",\"bold\":true,\"italic\":false}'}}"
            }
          ]
        }
      ],
      "conditions": [
        {
          "condition": "minecraft:random_chance",
          "chance": 0.5
        }
      ]
    }
  ]
}