{
  "pools": [
    {
      "rolls": 1,
      "entries": [
        {
          "type": "item",
          "name": "minecraft:bow",
          "functions": [
            {
              "function": "set_name",
              "name": {
                "text": "",
                "extra": [
                  {"text": "A", "color": "#ffe6f7", "bold": true, "italic": false},
                  {"text": "r", "color": "#ffccf3", "bold": true, "italic": false},
                  {"text": "c", "color": "#ffb3ef", "bold": true, "italic": false},
                  {"text": "o", "color": "#ff99eb", "bold": true, "italic": false},
                  {"text": " ", "color": "#ff80e6", "bold": true, "italic": false},
                  {"text": "d", "color": "#ff66e2", "bold": true, "italic": false},
                  {"text": "e", "color": "#ff4cde", "bold": true, "italic": false},
                  {"text": "l", "color": "#ff33da", "bold": true, "italic": false},
                  {"text": " ", "color": "#ff1ad6", "bold": true, "italic": false},
                  {"text": "W", "color": "#ff33da", "bold": true, "italic": false},
                  {"text": "i", "color": "#ff4cde", "bold": true, "italic": false},
                  {"text": "t", "color": "#ff66e2", "bold": true, "italic": false},
                  {"text": "h", "color": "#ff80e6", "bold": true, "italic": false},
                  {"text": "e", "color": "#ff99eb", "bold": true, "italic": false},
                  {"text": "r", "color": "#ffb3ef", "bold": true, "italic": false},
                  {"text": " ", "color": "#ffccf3", "bold": true, "italic": false},
                  {"text": "C", "color": "#ffe6f7", "bold": true, "italic": false},
                  {"text": "e", "color": "#ffccf3", "bold": true, "italic": false},
                  {"text": "l", "color": "#ffb3ef", "bold": true, "italic": false},
                  {"text": "e", "color": "#ff99eb", "bold": true, "italic": false},
                  {"text": "s", "color": "#ff80e6", "bold": true, "italic": false},
                  {"text": "t", "color": "#ff66e2", "bold": true, "italic": false},
                  {"text": "i", "color": "#ff4cde", "bold": true, "italic": false},
                  {"text": "a", "color": "#ff33da", "bold": true, "italic": false},
                  {"text": "l", "color": "#ff1ad6", "bold": true, "italic": false}
                ]
              }
            },
            {
              "function": "set_nbt",
              "tag": "{CustomModelData:16,Unbreakable:1b,Enchantments:[{id:\"minecraft:power\",lvl:50s}]}"
            }
          ]
        }
      ],
      "conditions": [
        {
          "condition": "random_chance",
          "chance": 0.2
        }
      ]
    }
  ]
}