{
  "pools": [
    {
      "rolls": 1,
      "entries": [
        {
          "type": "item",
          "name": "minecraft:iron_boots",
          "functions": [
            {
              "function": "set_name",
              "name": {
                "text": "Botas Brutas",
                "color": "#3399ff",
                "bold": true,
                "italic": false
              }
            },
            {
              "function": "set_nbt",
              "tag": "{CustomModelData:13,Unbreakable:1b,Enchantments:[{id:\"minecraft:protection\",lvl:7s}]}"
            }
          ]
        }
      ],
      "conditions": [
        {
          "condition": "random_chance",
          "chance": 0.2
        }
      ]
    }
  ]
}