{
  "type": "minecraft:entity",
  "pools": [
    {
      "rolls": 1,
      "entries": [
        {
          "type": "item",
          "name": "minecraft:iron_helmet",
          "functions": [
            {
              "function": "set_name",
              "name": {
                "text": "Corona del Coloso",
                "color": "#3399ff",
                "bold": true,
                "italic": false
              }
            },
            {
              "function": "set_nbt",
              "tag": "{Enchantments:[{id:\"minecraft:protection\",lvl:7}],CustomModelData:10,Unbreakable:1b}"
            }
          ]
        }
      ],
      "conditions": [
        {
          "condition": "minecraft:random_chance",
          "chance": 0.20
        }
      ]
    }
  ]
}