{
  "pools": [
    {
      "rolls": 1,
      "entries": [
        {
          "type": "item",
          "name": "minecraft:netherite_sword",
          "functions": [
            {
              "function": "set_name",
              "name": {
                "text": "",
                "extra": [
                    {"text": "E", "color": "#4d0000", "bold": true, "italic": false},
                    {"text": "s", "color": "#660000", "bold": true, "italic": false},
                    {"text": "p", "color": "#800000", "bold": true, "italic": false},
                    {"text": "a", "color": "#990000", "bold": true, "italic": false},
                    {"text": "d", "color": "#b30000", "bold": true, "italic": false},
                    {"text": "a", "color": "#cc0000", "bold": true, "italic": false},
                    {"text": " ", "color": "#e60000", "bold": true, "italic": false},
                    {"text": "d", "color": "#ff1a1a", "bold": true, "italic": false},
                    {"text": "e", "color": "#ff3333", "bold": true, "italic": false},
                    {"text": "l", "color": "#ff4d4d", "bold": true, "italic": false},
                    {"text": " ", "color": "#ff6666", "bold": true, "italic": false},
                    {"text": "W", "color": "#800000", "bold": true, "italic": false},
                    {"text": "i", "color": "#990000", "bold": true, "italic": false},
                    {"text": "t", "color": "#b30000", "bold": true, "italic": false},
                    {"text": "h", "color": "#cc0000", "bold": true, "italic": false},
                    {"text": "e", "color": "#e60000", "bold": true, "italic": false},
                    {"text": "r", "color": "#ff1a1a", "bold": true, "italic": false},
                    {"text": " ", "color": "#ff3333", "bold": true, "italic": false},
                    {"text": "S", "color": "#cc0000", "bold": true, "italic": false},
                    {"text": "k", "color": "#b30000", "bold": true, "italic": false},
                    {"text": "e", "color": "#990000", "bold": true, "italic": false},
                    {"text": "l", "color": "#800000", "bold": true, "italic": false},
                    {"text": "e", "color": "#660000", "bold": true, "italic": false},
                    {"text": "t", "color": "#4d0000", "bold": true, "italic": false},
                    {"text": "o", "color": "#330000", "bold": true, "italic": false},
                    {"text": "n", "color": "#1a0000", "bold": true, "italic": false},
                    {"text": " ", "color": "#000000", "bold": true, "italic": false},
                    {"text": "R", "color": "#330000", "bold": true, "italic": false},
                    {"text": "e", "color": "#660000", "bold": true, "italic": false},
                    {"text": "y", "color": "#990000", "bold": true, "italic": false}
                ]
              }
            },
            {
              "function": "set_nbt",
              "tag": "{CustomModelData:15,Enchantments:[{id:\"minecraft:sharpness\",lvl:20s}]}"
            }
          ]
        }
      ],
      "conditions": [
        {
          "condition": "random_chance",
          "chance": 0.25
        }
      ]
    }
  ]
}